Einheit,Modus,Thema,Inhalt,Lernziel,Vorbereitung,Für Lehrende,Abgabe/ Aufgabe
1,Synchron präsenz,Theoretische Einführung in die Analyse von Figuren,Einführung in die Figurenanalyse und das Formulieren von Forschungsfragen,Grundlagen der Figurenanalyse verstehen und anwenden; Forschungsfragen formulieren,Lektüre [@lahnFiguren2016],Laptop/ Beamer/ vorbereitende Texte,Formulieren einer Forschungsfrage zur Figurenanalyse
2,Asynchron online,Selbststudium: Einführung in die literaturwissenschaftliche Textannotation,Erarbeitung von Einführungstexten und Video-Tutorials zur manuellen und digitalen Annotation,Grundlagen des manuellen und digitalen Annotierens erlernen; Anwendung des Tools CATMA,Lesen von [@horstmannLerneinheitManuelleAnnotation2019] Anschauen der Tutorials [@fortextTutorialCATMAAnnotieren2020],Sicherstellen dass Materialien verfügbar sind,Abschluss der Materialien/ Vorbereitung auf die synchrone Sitzung
3,Synchron präsenz,Einführung in die literaturwissenschaftliche Annotationspraxis,Praktische Anwendung der Annotationsmethoden mit CATMA,Anwendung der Annotationsmethoden; Reflexion der Nützlichkeit der Annotation,Vorbereitung der Annotationsbeispiele,Laptop/ Beamer/ Zugriff auf CATMA,Eigenständige Annotation einer Textpassage
4,Synchron präsenz,Überprüfung des Gelernten durch Anwendungsaufgabe,Diskussion und Übung von Prüfungsfragen zur Textannotation,Sicherstellung der Lernzielerreichung; Vorbereitung auf die Klausur,Anwendungsaufgabe vorbereiten,Bereitstellung der Aufgabe,Formulieren einer Forschungsfrage/ Begründung der Relevanz/ Anwendung von Textannotation zur Beantwortung der Forschungsfrage

