[
    {"id":"lahnFiguren2016","author":[{"family":"Lahn","given":"Silke"},{"family":"Meister","given":"Jan Christoph"}],"citation-key":"lahnFiguren2016","container-title":"Einführung in die Erzähltextanalyse","contributor":[{"family":"Aumüller","given":"Matthias"},{"family":"Biebuyck","given":"Benjamin"},{"family":"Burghardt","given":"Anja"},{"family":"Eder","given":"Jens"},{"family":"Hansen","given":"Per Krogh"},{"family":"Hühn","given":"Peter"},{"family":"Kuhn","given":"Markus"},{"family":"Sprang","given":"Felix"},{"family":"Veits","given":"Andreas"}],"edition":"3., aktualisierte und erweiterte Auflage","event-place":"Stuttgart","ISBN":"978-3-476-02598-2","issued":{"date-parts":[["2016"]]},"language":"ger","note":"OCLC: 949785065","page":"234–249","publisher":"J.B. Metzler","publisher-place":"Stuttgart","source":"Gemeinsamer Bibliotheksverbund ISBN","title":"Figuren","type":"chapter"},
    {"id":"adlerDigitalePhilologieDarmstadter2020","accessed":{"date-parts":[["2024",7,30]]},"author":[{"family":"Adler","given":"Marc"},{"family":"Bartsch","given":"Sabine"},{"family":"Becker","given":"Maria"},{"family":"Bender","given":"Michael"},{"family":"Borek","given":"Luise"},{"family":"Brinkmann","given":"Cindy"},{"family":"Dimpel","given":"Friedrich Michael"},{"family":"Fischer","given":"Rotraut"},{"family":"Glawion","given":"Anastasia"},{"family":"Gülden","given":"Svenja A."},{"family":"Hastik","given":"Canan"},{"family":"Hegel","given":"Philipp"},{"family":"Herget","given":"Katharina"},{"family":"Horn","given":"Franziska"},{"family":"Krause","given":"Celia"},{"family":"Müller","given":"Marcus"},{"family":"Núnez","given":"Alexandra"},{"family":"Rapp","given":"Andrea"},{"family":"Scharrer","given":"Lisa"},{"family":"Schmid","given":"Oliver"},{"family":"Stegmeier","given":"Jörn"},{"family":"Thull","given":"Beate"},{"family":"Weitin","given":"Thomas"},{"family":"Gius","given":"Evelyn"}],"citation-key":"adlerDigitalePhilologieDarmstadter2020","DOI":"10.25534/TUPRINTS-00012476","issued":{"date-parts":[["2020"]]},"license":"Creative Commons Attribution 4.0 International","publisher":"UNSPECIFIED","source":"DOI.org (Datacite)","title":"Digitale Philologie: Das Darmstädter Modell","title-short":"Digitale Philologie","type":"book","URL":"https://tuprints.ulb.tu-darmstadt.de/id/eprint/12476"},
    {"id":"fortextTutorialCATMAAnnotieren2020","author":[{"family":"forTEXT","given":""}],"citation-key":"fortextTutorialCATMAAnnotieren2020","collection-title":"Manuelle Annotation und Literaturanalyse","DOI":"10.5281/zenodo.10353910","issued":{"date-parts":[["2020",1,20]]},"note":"youtube-link: https://www.youtube.com/watch?v=UEIcUvoLfJ0","title":"Tutorial: In CATMA 6 annotieren","type":"document","URL":"https://doi.org/10.5281/zenodo.10353910"},
    {"id":"horstmannLerneinheitManuelleAnnotation2019","author":[{"family":"Horstmann","given":"Jan"}],"citation-key":"horstmannLerneinheitManuelleAnnotation2019","collection-title":"Manuelle Annotation","container-title":"forTEXT Heft","DOI":"10.48694/fortext.3750","issue":"4","issued":{"date-parts":[["2024",7,30]]},"original-date":{"date-parts":[["2019",11,4]]},"title":"Lerneinheit: Manuelle Annotation mit CATMA","type":"article-journal","URL":"https://fortext.net/routinen/lerneinheiten/manuelle-annotation-mit-catma","volume":"1"},
    {"id":"schumacherToolbeitragCATMA2019","author":[{"family":"Schumacher","given":"Mareike"}],"citation-key":"schumacherToolbeitragCATMA2019","collection-title":"Manuelle Annotation","container-title":"forTEXT Heft","DOI":"10.48694/fortext.3761","issue":"4","issued":{"date-parts":[["2024",7,30]]},"original-date":{"date-parts":[["2019",4,15]]},"title":"Toolbeitrag: CATMA","type":"article-journal","URL":"https://fortext.net/tools/tools/catma","volume":"1"}

]
  